{
	"info": {
		"_postman_id": "03205729-79c4-45a3-90ff-8b7e5d2794d0",
		"name": "User-micro",
		"schema": "https://schema.getpostman.com/json/collection/v2.1.0/collection.json"
	},
	"item": [
		{
			"name": "add-user-micro",
			"request": {
				"method": "POST",
				"header": [],
				"body": {
					"mode": "raw",
					"raw": "{\r\n    \"username\": \"Новый пользователь1\",\r\n    \"email\": \"new1@email.com\",\r\n    \"password\": \"bzsdsnmbsdbmnf\"\r\n}",
					"options": {
						"raw": {
							"language": "json"
						}
					}
				},
				"url": {
					"raw": "http://localhost:8765/planner-users/user/add",
					"protocol": "http",
					"host": [
						"localhost"
					],
					"port": "8765",
					"path": [
						"planner-users",
						"user",
						"add"
					]
				}
			},
			"response": []
		},
		{
			"name": "delete-user-byid-micro",
			"request": {
				"method": "POST",
				"header": [],
				"body": {
					"mode": "raw",
					"raw": "3",
					"options": {
						"raw": {
							"language": "json"
						}
					}
				},
				"url": {
					"raw": "http://localhost:8765/planner-users/user/deletebyid",
					"protocol": "http",
					"host": [
						"localhost"
					],
					"port": "8765",
					"path": [
						"planner-users",
						"user",
						"deletebyid"
					]
				}
			},
			"response": []
		},
		{
			"name": "update-user-micro",
			"request": {
				"method": "PUT",
				"header": [],
				"body": {
					"mode": "raw",
					"raw": "{\r\n    \"id\": 1,\r\n    \"title\": \"Тестовая !!!!\",\r\n    \"completed\": false,\r\n    \"taskDate\": \"2017-01-02T18:00:00.000+00:00\",\r\n    \"priority\": {\r\n        \"id\": 2\r\n    },\r\n    \"category\": {\r\n        \"id\": 10\r\n    },\r\n    \"userId\": \"123\"\r\n}",
					"options": {
						"raw": {
							"language": "json"
						}
					}
				},
				"url": {
					"raw": "http://localhost:8765/planner-todo/task/update",
					"protocol": "http",
					"host": [
						"localhost"
					],
					"port": "8765",
					"path": [
						"planner-todo",
						"task",
						"update"
					]
				}
			},
			"response": []
		},
		{
			"name": "search-users-micro",
			"request": {
				"method": "POST",
				"header": [],
				"body": {
					"mode": "raw",
					"raw": "{\r\n    \"email\": \"123\",\r\n    \"username\": \"123\",\r\n    \"sortColumn\": \"username\",\r\n    \"sortDirection\": \"desc\",\r\n    \"pageNumber\": 0,\r\n    \"pageSize\": 5\r\n}",
					"options": {
						"raw": {
							"language": "json"
						}
					}
				},
				"url": {
					"raw": "http://localhost:8765/planner-users/user/search",
					"protocol": "http",
					"host": [
						"localhost"
					],
					"port": "8765",
					"path": [
						"planner-users",
						"user",
						"search"
					]
				}
			},
			"response": []
		},
		{
			"name": "delete-user-byemail-micro",
			"request": {
				"method": "POST",
				"header": [],
				"body": {
					"mode": "raw",
					"raw": "new1@email.com",
					"options": {
						"raw": {
							"language": "json"
						}
					}
				},
				"url": {
					"raw": "http://localhost:8765/planner-users/user/deletebyemail",
					"protocol": "http",
					"host": [
						"localhost"
					],
					"port": "8765",
					"path": [
						"planner-users",
						"user",
						"deletebyemail"
					]
				}
			},
			"response": []
		},
		{
			"name": "get-user-by-id-micro",
			"request": {
				"method": "POST",
				"header": [],
				"body": {
					"mode": "raw",
					"raw": "2",
					"options": {
						"raw": {
							"language": "json"
						}
					}
				},
				"url": {
					"raw": "http://localhost:8765/planner-users/user/id",
					"protocol": "http",
					"host": [
						"localhost"
					],
					"port": "8765",
					"path": [
						"planner-users",
						"user",
						"id"
					]
				}
			},
			"response": []
		},
		{
			"name": "get-user-by-email-micro",
			"request": {
				"method": "POST",
				"header": [],
				"body": {
					"mode": "raw",
					"raw": "new1@email.com",
					"options": {
						"raw": {
							"language": "json"
						}
					}
				},
				"url": {
					"raw": "http://localhost:8765/planner-users/user/email",
					"protocol": "http",
					"host": [
						"localhost"
					],
					"port": "8765",
					"path": [
						"planner-users",
						"user",
						"email"
					]
				}
			},
			"response": []
		}
	]
}