{
	"info": {
		"_postman_id": "bd031fff-273e-4ca6-8486-50f964498f7b",
		"name": "Category-micro",
		"schema": "https://schema.getpostman.com/json/collection/v2.1.0/collection.json"
	},
	"item": [
		{
			"name": "add-category-micro",
			"request": {
				"method": "POST",
				"header": [],
				"body": {
					"mode": "raw",
					"raw": "{\r\n        \"title\": \"Здоровье\",\r\n        \"userId\": \"1234\"\r\n}",
					"options": {
						"raw": {
							"language": "json"
						}
					}
				},
				"url": {
					"raw": "http://localhost:8765/planner-todo/category/add",
					"protocol": "http",
					"host": [
						"localhost"
					],
					"port": "8765",
					"path": [
						"planner-todo",
						"category",
						"add"
					]
				}
			},
			"response": []
		},
		{
			"name": "categories-by-userid",
			"protocolProfileBehavior": {
				"disabledSystemHeaders": {
					"content-type": true
				}
			},
			"request": {
				"method": "POST",
				"header": [
					{
						"key": "Content-Type",
						"value": "application/json;charset=utf-8",
						"type": "default"
					}
				],
				"body": {
					"mode": "raw",
					"raw": "1234"
				},
				"url": {
					"raw": "http://localhost:8765/planner-todo/category/all",
					"protocol": "http",
					"host": [
						"localhost"
					],
					"port": "8765",
					"path": [
						"planner-todo",
						"category",
						"all"
					]
				}
			},
			"response": []
		},
		{
			"name": "update-category-micro",
			"request": {
				"method": "PUT",
				"header": [],
				"body": {
					"mode": "raw",
					"raw": "{\r\n        \"id\": \"8\",\r\n        \"title\": \"Новое значение\",\r\n        \"userId\": \"1234\"\r\n}",
					"options": {
						"raw": {
							"language": "json"
						}
					}
				},
				"url": {
					"raw": "http://localhost:8765/planner-todo/category/update",
					"protocol": "http",
					"host": [
						"localhost"
					],
					"port": "8765",
					"path": [
						"planner-todo",
						"category",
						"update"
					]
				}
			},
			"response": []
		},
		{
			"name": "search-category-micro",
			"request": {
				"method": "POST",
				"header": [],
				"body": {
					"mode": "raw",
					"raw": "{\r\n        \"title\": \"d\",\r\n        \"userId\": \"1234\"\r\n}",
					"options": {
						"raw": {
							"language": "json"
						}
					}
				},
				"url": {
					"raw": "http://localhost:8765/planner-todo/category/search",
					"protocol": "http",
					"host": [
						"localhost"
					],
					"port": "8765",
					"path": [
						"planner-todo",
						"category",
						"search"
					]
				}
			},
			"response": []
		},
		{
			"name": "search-category-by-id-micro",
			"request": {
				"method": "POST",
				"header": [],
				"body": {
					"mode": "raw",
					"raw": "8",
					"options": {
						"raw": {
							"language": "json"
						}
					}
				},
				"url": {
					"raw": "http://localhost:8765/planner-todo/category/id",
					"protocol": "http",
					"host": [
						"localhost"
					],
					"port": "8765",
					"path": [
						"planner-todo",
						"category",
						"id"
					]
				}
			},
			"response": []
		},
		{
			"name": "delete-category-micro",
			"request": {
				"method": "DELETE",
				"header": [],
				"body": {
					"mode": "raw",
					"raw": "",
					"options": {
						"raw": {
							"language": "json"
						}
					}
				},
				"url": {
					"raw": "http://localhost:8765/planner-todo/category/delete/8",
					"protocol": "http",
					"host": [
						"localhost"
					],
					"port": "8765",
					"path": [
						"planner-todo",
						"category",
						"delete",
						"8"
					]
				}
			},
			"response": []
		}
	]
}