{
	"info": {
		"_postman_id": "e1f7dcdb-b832-4c74-9172-2f955cb1910a",
		"name": "Task-micro",
		"schema": "https://schema.getpostman.com/json/collection/v2.1.0/collection.json"
	},
	"item": [
		{
			"name": "add-task",
			"request": {
				"method": "POST",
				"header": [],
				"body": {
					"mode": "raw",
					"raw": "{\r\n        \"title\": \"Тестовая задача\",\r\n        \"completed\": false,\r\n        \"taskDate\": \"2015-01-02T18:00:00.000+00:00\",\r\n        \"priority\": {\r\n            \"id\": 2          \r\n        },\r\n        \"category\": {\r\n            \"id\": 10\r\n        },\r\n        \"userId\":\"123\"\r\n    }",
					"options": {
						"raw": {
							"language": "json"
						}
					}
				},
				"url": {
					"raw": "http://localhost:8765/planner-todo/task/add",
					"protocol": "http",
					"host": [
						"localhost"
					],
					"port": "8765",
					"path": [
						"planner-todo",
						"task",
						"add"
					]
				}
			},
			"response": []
		},
		{
			"name": "tasks-by-userid-micro",
			"protocolProfileBehavior": {
				"disabledSystemHeaders": {
					"content-type": true
				}
			},
			"request": {
				"method": "POST",
				"header": [
					{
						"key": "Content-Type",
						"value": "application/json;charset=utf8",
						"type": "default"
					}
				],
				"body": {
					"mode": "raw",
					"raw": "123"
				},
				"url": {
					"raw": "http://localhost:8765/planner-todo/task/all",
					"protocol": "http",
					"host": [
						"localhost"
					],
					"port": "8765",
					"path": [
						"planner-todo",
						"task",
						"all"
					]
				}
			},
			"response": []
		},
		{
			"name": "update-task-micro",
			"request": {
				"method": "PUT",
				"header": [],
				"body": {
					"mode": "raw",
					"raw": "{\r\n    \"id\": 1,\r\n    \"title\": \"Тестовая !!!!\",\r\n    \"completed\": false,\r\n    \"taskDate\": \"2017-01-02T18:00:00.000+00:00\",\r\n    \"priority\": {\r\n        \"id\": 2\r\n    },\r\n    \"category\": {\r\n        \"id\": 10\r\n    },\r\n    \"userId\": \"123\"\r\n}",
					"options": {
						"raw": {
							"language": "json"
						}
					}
				},
				"url": {
					"raw": "http://localhost:8765/planner-todo/task/update",
					"protocol": "http",
					"host": [
						"localhost"
					],
					"port": "8765",
					"path": [
						"planner-todo",
						"task",
						"update"
					]
				}
			},
			"response": []
		},
		{
			"name": "search-tasks-micro",
			"request": {
				"method": "POST",
				"header": [],
				"body": {
					"mode": "raw",
					"raw": "{\r\n    \"userId\": \"123\",\r\n    \"sortColumn\": \"title\",\r\n    \"sortDirection\": \"desc\",\r\n    \"pageNumber\": 0,\r\n    \"pageSize\": 5\r\n}",
					"options": {
						"raw": {
							"language": "json"
						}
					}
				},
				"url": {
					"raw": "http://localhost:8765/planner-todo/task/search",
					"protocol": "http",
					"host": [
						"localhost"
					],
					"port": "8765",
					"path": [
						"planner-todo",
						"task",
						"search"
					]
				}
			},
			"response": []
		},
		{
			"name": "search-task-by-id-micro",
			"request": {
				"method": "POST",
				"header": [],
				"body": {
					"mode": "raw",
					"raw": "1",
					"options": {
						"raw": {
							"language": "json"
						}
					}
				},
				"url": {
					"raw": "http://localhost:8765/planner-todo/task/id",
					"protocol": "http",
					"host": [
						"localhost"
					],
					"port": "8765",
					"path": [
						"planner-todo",
						"task",
						"id"
					]
				}
			},
			"response": []
		},
		{
			"name": "delete-task-micro",
			"request": {
				"method": "DELETE",
				"header": [],
				"body": {
					"mode": "raw",
					"raw": "",
					"options": {
						"raw": {
							"language": "json"
						}
					}
				},
				"url": {
					"raw": "http://localhost:8765/planner-todo/task/delete/1",
					"protocol": "http",
					"host": [
						"localhost"
					],
					"port": "8765",
					"path": [
						"planner-todo",
						"task",
						"delete",
						"1"
					]
				}
			},
			"response": []
		}
	]
}